Second,Volt,Volt2,
-6.64000e-03,-3.68e+00,1.74e-01, 
-6.62000e-03,-3.60e+00,1.78e-01, 
-6.60000e-03,-3.60e+00,1.73e-01, 
-6.58000e-03,-3.68e+00,1.78e-01, 
-6.56000e-03,-3.60e+00,1.75e-01, 
-6.54000e-03,-3.52e+00,1.79e-01, 
-6.52000e-03,-3.52e+00,1.80e-01, 
-6.50000e-03,-3.60e+00,1.77e-01, 
-6.48000e-03,-3.52e+00,1.80e-01, 
-6.46000e-03,-3.52e+00,1.78e-01, 
-6.44000e-03,-3.52e+00,1.78e-01, 
-6.42000e-03,-3.52e+00,1.81e-01, 
-6.40000e-03,-3.52e+00,1.80e-01, 
-6.38000e-03,-3.44e+00,1.77e-01, 
-6.36000e-03,-3.52e+00,1.80e-01, 
-6.34000e-03,-3.44e+00,1.78e-01, 
-6.32000e-03,-3.44e+00,1.81e-01, 
-6.30000e-03,-3.36e+00,1.76e-01, 
-6.28000e-03,-3.36e+00,1.78e-01, 
-6.26000e-03,-3.36e+00,1.74e-01, 
-6.24000e-03,-3.36e+00,1.78e-01, 
-6.22000e-03,-3.28e+00,1.75e-01, 
-6.20000e-03,-3.36e+00,1.76e-01, 
-6.18000e-03,-3.28e+00,1.73e-01, 
-6.16000e-03,-3.20e+00,1.76e-01, 
-6.14000e-03,-3.28e+00,1.72e-01, 
-6.12000e-03,-3.28e+00,1.73e-01, 
-6.10000e-03,-3.20e+00,1.70e-01, 
-6.08000e-03,-3.20e+00,1.69e-01, 
-6.06000e-03,-3.20e+00,1.73e-01, 
-6.04000e-03,-3.20e+00,1.71e-01, 
-6.02000e-03,-3.20e+00,1.68e-01, 
-6.00000e-03,-3.20e+00,1.68e-01, 
-5.98000e-03,-3.12e+00,1.70e-01, 
-5.96000e-03,-3.20e+00,1.70e-01, 
-5.94000e-03,-3.12e+00,1.66e-01, 
-5.92000e-03,-3.20e+00,1.70e-01, 
-5.90000e-03,-3.12e+00,1.66e-01, 
-5.88000e-03,-3.12e+00,1.68e-01, 
-5.86000e-03,-3.04e+00,1.66e-01, 
-5.84000e-03,-3.04e+00,1.67e-01, 
-5.82000e-03,-3.04e+00,1.68e-01, 
-5.80000e-03,-3.04e+00,1.67e-01, 
-5.78000e-03,-2.96e+00,1.70e-01, 
-5.76000e-03,-3.04e+00,1.69e-01, 
-5.74000e-03,-2.96e+00,1.67e-01, 
-5.72000e-03,-2.96e+00,1.68e-01, 
-5.70000e-03,-2.96e+00,1.70e-01, 
-5.68000e-03,-2.96e+00,1.71e-01, 
-5.66000e-03,-2.88e+00,1.68e-01, 
-5.64000e-03,-2.96e+00,1.72e-01, 
-5.62000e-03,-2.88e+00,1.68e-01, 
-5.60000e-03,-2.88e+00,1.73e-01, 
-5.58000e-03,-2.88e+00,1.70e-01, 
-5.56000e-03,-2.88e+00,1.71e-01, 
-5.54000e-03,-2.80e+00,1.74e-01, 
-5.52000e-03,-2.80e+00,1.70e-01, 
-5.50000e-03,-2.80e+00,1.75e-01, 
-5.48000e-03,-2.80e+00,1.74e-01, 
-5.46000e-03,-2.72e+00,1.76e-01, 
-5.44000e-03,-2.80e+00,1.72e-01, 
-5.42000e-03,-2.72e+00,1.76e-01, 
-5.40000e-03,-2.72e+00,1.74e-01, 
-5.38000e-03,-2.64e+00,1.79e-01, 
-5.36000e-03,-2.72e+00,1.75e-01, 
-5.34000e-03,-2.64e+00,1.79e-01, 
-5.32000e-03,-2.64e+00,1.76e-01, 
-5.30000e-03,-2.64e+00,1.81e-01, 
-5.28000e-03,-2.64e+00,1.75e-01, 
-5.26000e-03,-2.64e+00,1.80e-01, 
-5.24000e-03,-2.64e+00,1.80e-01, 
-5.22000e-03,-2.56e+00,1.76e-01, 
-5.20000e-03,-2.64e+00,1.80e-01, 
-5.18000e-03,-2.56e+00,1.77e-01, 
-5.16000e-03,-2.48e+00,1.77e-01, 
-5.14000e-03,-2.64e+00,1.81e-01, 
-5.12000e-03,-2.48e+00,1.80e-01, 
-5.10000e-03,-2.56e+00,1.76e-01, 
-5.08000e-03,-2.48e+00,1.79e-01, 
-5.06000e-03,-2.48e+00,1.77e-01, 
-5.04000e-03,-2.48e+00,1.78e-01, 
-5.02000e-03,-2.40e+00,1.74e-01, 
-5.00000e-03,-2.40e+00,1.77e-01, 
-4.98000e-03,-2.40e+00,1.73e-01, 
-4.96000e-03,-2.40e+00,1.75e-01, 
-4.94000e-03,-2.40e+00,1.71e-01, 
-4.92000e-03,-2.40e+00,1.72e-01, 
-4.90000e-03,-2.32e+00,1.69e-01, 
-4.88000e-03,-2.40e+00,1.71e-01, 
-4.86000e-03,-2.32e+00,1.67e-01, 
-4.84000e-03,-2.32e+00,1.67e-01, 
-4.82000e-03,-2.32e+00,1.69e-01, 
-4.80000e-03,-2.32e+00,1.67e-01, 
-4.78000e-03,-2.24e+00,1.69e-01, 
-4.76000e-03,-2.24e+00,1.66e-01, 
-4.74000e-03,-2.32e+00,1.69e-01, 
-4.72000e-03,-2.24e+00,1.67e-01, 
-4.70000e-03,-2.16e+00,1.71e-01, 
-4.68000e-03,-2.16e+00,1.67e-01, 
-4.66000e-03,-2.24e+00,1.70e-01, 
-4.64000e-03,-2.16e+00,1.68e-01, 
-4.62000e-03,-2.08e+00,1.70e-01, 
-4.60000e-03,-2.16e+00,1.69e-01, 
-4.58000e-03,-2.08e+00,1.72e-01, 
-4.56000e-03,-2.08e+00,1.71e-01, 
-4.54000e-03,-2.08e+00,1.75e-01, 
-4.52000e-03,-2.08e+00,1.71e-01, 
-4.50000e-03,-2.08e+00,1.75e-01, 
-4.48000e-03,-2.08e+00,1.73e-01, 
-4.46000e-03,-2.00e+00,1.75e-01, 
-4.44000e-03,-2.08e+00,1.73e-01, 
-4.42000e-03,-2.00e+00,1.76e-01, 
-4.40000e-03,-2.00e+00,1.73e-01, 
-4.38000e-03,-1.92e+00,1.77e-01, 
-4.36000e-03,-1.92e+00,1.78e-01, 
-4.34000e-03,-2.00e+00,1.75e-01, 
-4.32000e-03,-2.00e+00,1.76e-01, 
-4.30000e-03,-1.84e+00,1.78e-01, 
-4.28000e-03,-1.92e+00,1.76e-01, 
-4.26000e-03,-1.84e+00,1.80e-01, 
-4.24000e-03,-1.84e+00,1.77e-01, 
-4.22000e-03,-1.84e+00,1.80e-01, 
-4.20000e-03,-1.84e+00,1.81e-01, 
-4.18000e-03,-1.84e+00,1.77e-01, 
-4.16000e-03,-1.84e+00,1.80e-01, 
-4.14000e-03,-1.76e+00,1.77e-01, 
-4.12000e-03,-1.76e+00,1.76e-01, 
-4.10000e-03,-1.84e+00,1.81e-01, 
-4.08000e-03,-1.76e+00,1.78e-01, 
-4.06000e-03,-1.76e+00,1.81e-01, 
-4.04000e-03,-1.76e+00,1.80e-01, 
-4.02000e-03,-1.68e+00,1.77e-01, 
-4.00000e-03,-1.68e+00,1.79e-01, 
-3.98000e-03,-1.68e+00,1.77e-01, 
-3.96000e-03,-1.68e+00,1.79e-01, 
-3.94000e-03,-1.60e+00,1.76e-01, 
-3.92000e-03,-1.60e+00,1.76e-01, 
-3.90000e-03,-1.60e+00,1.78e-01, 
-3.88000e-03,-1.60e+00,1.77e-01, 
-3.86000e-03,-1.52e+00,1.76e-01, 
-3.84000e-03,-1.52e+00,1.76e-01, 
-3.82000e-03,-1.60e+00,1.73e-01, 
-3.80000e-03,-1.52e+00,1.72e-01, 
-3.78000e-03,-1.44e+00,1.77e-01, 
-3.76000e-03,-1.52e+00,1.75e-01, 
-3.74000e-03,-1.52e+00,1.71e-01, 
-3.72000e-03,-1.52e+00,1.73e-01, 
-3.70000e-03,-1.44e+00,1.71e-01, 
-3.68000e-03,-1.52e+00,1.72e-01, 
-3.66000e-03,-1.44e+00,1.70e-01, 
-3.64000e-03,-1.44e+00,1.69e-01, 
-3.62000e-03,-1.36e+00,1.71e-01, 
-3.60000e-03,-1.36e+00,1.72e-01, 
-3.58000e-03,-1.44e+00,1.68e-01, 
-3.56000e-03,-1.36e+00,1.69e-01, 
-3.54000e-03,-1.28e+00,1.66e-01, 
-3.52000e-03,-1.36e+00,1.67e-01, 
-3.50000e-03,-1.28e+00,1.70e-01, 
-3.48000e-03,-1.28e+00,1.70e-01, 
-3.46000e-03,-1.20e+00,1.67e-01, 
-3.44000e-03,-1.28e+00,1.69e-01, 
-3.42000e-03,-1.20e+00,1.66e-01, 
-3.40000e-03,-1.20e+00,1.66e-01, 
-3.38000e-03,-1.20e+00,1.69e-01, 
-3.36000e-03,-1.20e+00,1.66e-01, 
-3.34000e-03,-1.20e+00,1.69e-01, 
-3.32000e-03,-1.20e+00,1.66e-01, 
-3.30000e-03,-1.12e+00,1.69e-01, 
-3.28000e-03,-1.20e+00,1.66e-01, 
-3.26000e-03,-1.12e+00,1.69e-01, 
-3.24000e-03,-1.20e+00,1.66e-01, 
-3.22000e-03,-1.04e+00,1.69e-01, 
-3.20000e-03,-1.12e+00,1.70e-01, 
-3.18000e-03,-1.04e+00,1.66e-01, 
-3.16000e-03,-1.12e+00,1.67e-01, 
-3.14000e-03,-9.60e-01,1.69e-01, 
-3.12000e-03,-1.04e+00,1.69e-01, 
-3.10000e-03,-9.60e-01,1.71e-01, 
-3.08000e-03,-9.60e-01,1.72e-01, 
-3.06000e-03,-9.60e-01,1.68e-01, 
-3.04000e-03,-9.60e-01,1.72e-01, 
-3.02000e-03,-9.60e-01,1.69e-01, 
-3.00000e-03,-9.60e-01,1.69e-01, 
-2.98000e-03,-9.60e-01,1.72e-01, 
-2.96000e-03,-9.60e-01,1.74e-01, 
-2.94000e-03,-8.80e-01,1.70e-01, 
-2.92000e-03,-9.60e-01,1.70e-01, 
-2.90000e-03,-8.00e-01,1.74e-01, 
-2.88000e-03,-8.80e-01,1.75e-01, 
-2.86000e-03,-8.00e-01,1.72e-01, 
-2.84000e-03,-8.00e-01,1.76e-01, 
-2.82000e-03,-8.00e-01,1.73e-01, 
-2.80000e-03,-8.00e-01,1.77e-01, 
-2.78000e-03,-7.20e-01,1.74e-01, 
-2.76000e-03,-8.00e-01,1.73e-01, 
-2.74000e-03,-7.20e-01,1.78e-01, 
-2.72000e-03,-7.20e-01,1.74e-01, 
-2.70000e-03,-6.40e-01,1.78e-01, 
-2.68000e-03,-6.40e-01,1.78e-01, 
-2.66000e-03,-7.20e-01,1.77e-01, 
-2.64000e-03,-6.40e-01,1.79e-01, 
-2.62000e-03,-6.40e-01,1.75e-01, 
-2.60000e-03,-6.40e-01,1.79e-01, 
-2.58000e-03,-6.40e-01,1.77e-01, 
-2.56000e-03,-6.40e-01,1.78e-01, 
-2.54000e-03,-6.40e-01,1.80e-01, 
-2.52000e-03,-5.60e-01,1.78e-01, 
-2.50000e-03,-6.40e-01,1.81e-01, 
-2.48000e-03,-5.60e-01,1.77e-01, 
-2.46000e-03,-5.60e-01,1.81e-01, 
-2.44000e-03,-5.60e-01,1.81e-01, 
-2.42000e-03,-4.80e-01,1.76e-01, 
-2.40000e-03,-4.80e-01,1.77e-01, 
-2.38000e-03,-4.00e-01,1.81e-01, 
-2.36000e-03,-4.80e-01,1.79e-01, 
-2.34000e-03,-4.00e-01,1.76e-01, 
-2.32000e-03,-4.80e-01,1.80e-01, 
-2.30000e-03,-4.00e-01,1.76e-01, 
-2.28000e-03,-4.00e-01,1.79e-01, 
-2.26000e-03,-4.00e-01,1.75e-01, 
-2.24000e-03,-4.00e-01,1.79e-01, 
-2.22000e-03,-4.00e-01,1.76e-01, 
-2.20000e-03,-4.00e-01,1.78e-01, 
-2.18000e-03,-3.20e-01,1.75e-01, 
-2.16000e-03,-3.20e-01,1.76e-01, 
-2.14000e-03,-3.20e-01,1.74e-01, 
-2.12000e-03,-3.20e-01,1.77e-01, 
-2.10000e-03,-2.40e-01,1.72e-01, 
-2.08000e-03,-2.40e-01,1.71e-01, 
-2.06000e-03,-1.60e-01,1.74e-01, 
-2.04000e-03,-1.60e-01,1.72e-01, 
-2.02000e-03,-2.40e-01,1.69e-01, 
-2.00000e-03,-1.60e-01,1.73e-01, 
-1.98000e-03,-8.00e-02,1.68e-01, 
-1.96000e-03,-1.60e-01,1.68e-01, 
-1.94000e-03,-8.00e-02,1.71e-01, 
-1.92000e-03,-8.00e-02,1.69e-01, 
-1.90000e-03,-1.60e-01,1.66e-01, 
-1.88000e-03,-8.00e-02,1.69e-01, 
-1.86000e-03,-8.00e-02,1.66e-01, 
-1.84000e-03,-8.00e-02,1.68e-01, 
-1.82000e-03,-8.00e-02,1.65e-01, 
-1.80000e-03,0.00e+00,1.69e-01, 
-1.78000e-03,-8.00e-02,1.66e-01, 
-1.76000e-03,0.00e+00,1.69e-01, 
-1.74000e-03,8.00e-02,1.67e-01, 
-1.72000e-03,0.00e+00,1.67e-01, 
-1.70000e-03,8.00e-02,1.70e-01, 
-1.68000e-03,8.00e-02,1.68e-01, 
-1.66000e-03,8.00e-02,1.70e-01, 
-1.64000e-03,1.60e-01,1.69e-01, 
-1.62000e-03,8.00e-02,1.73e-01, 
-1.60000e-03,1.60e-01,1.70e-01, 
-1.58000e-03,1.60e-01,1.72e-01, 
-1.56000e-03,1.60e-01,1.72e-01, 
-1.54000e-03,1.60e-01,1.75e-01, 
-1.52000e-03,1.60e-01,1.73e-01, 
-1.50000e-03,2.40e-01,1.76e-01, 
-1.48000e-03,1.60e-01,1.78e-01, 
-1.46000e-03,2.40e-01,1.75e-01, 
-1.44000e-03,1.60e-01,1.76e-01, 
-1.42000e-03,2.40e-01,1.79e-01, 
-1.40000e-03,2.40e-01,1.77e-01, 
-1.38000e-03,3.20e-01,1.80e-01, 
-1.36000e-03,3.20e-01,1.80e-01, 
-1.34000e-03,3.20e-01,1.75e-01, 
-1.32000e-03,3.20e-01,1.80e-01, 
-1.30000e-03,4.00e-01,1.77e-01, 
-1.28000e-03,3.20e-01,1.76e-01, 
-1.26000e-03,4.80e-01,1.80e-01, 
-1.24000e-03,4.80e-01,1.79e-01, 
-1.22000e-03,4.00e-01,1.74e-01, 
-1.20000e-03,4.00e-01,1.77e-01, 
-1.18000e-03,4.80e-01,1.73e-01, 
-1.16000e-03,4.80e-01,1.75e-01, 
-1.14000e-03,4.80e-01,1.71e-01, 
-1.12000e-03,4.80e-01,1.69e-01, 
-1.10000e-03,4.80e-01,1.72e-01, 
-1.08000e-03,4.80e-01,1.71e-01, 
-1.06000e-03,5.60e-01,1.68e-01, 
-1.04000e-03,5.60e-01,1.65e-01, 
-1.02000e-03,4.80e-01,1.69e-01, 
-1.00000e-03,5.60e-01,1.65e-01, 
-9.80000e-04,6.40e-01,1.69e-01, 
-9.60000e-04,5.60e-01,1.69e-01, 
-9.40000e-04,6.40e-01,1.65e-01, 
-9.20000e-04,6.40e-01,1.67e-01, 
-9.00000e-04,7.20e-01,1.70e-01, 
-8.80000e-04,6.40e-01,1.70e-01, 
-8.60000e-04,7.20e-01,1.72e-01, 
-8.40000e-04,7.20e-01,1.71e-01, 
-8.20000e-04,8.00e-01,1.75e-01, 
-8.00000e-04,7.20e-01,1.72e-01, 
-7.80000e-04,8.00e-01,1.77e-01, 
-7.60000e-04,8.00e-01,1.75e-01, 
-7.40000e-04,8.00e-01,1.78e-01, 
-7.20000e-04,8.00e-01,1.77e-01, 
-7.00000e-04,8.00e-01,1.80e-01, 
-6.80000e-04,8.00e-01,1.80e-01, 
-6.60000e-04,8.80e-01,1.78e-01, 
-6.40000e-04,8.00e-01,1.76e-01, 
-6.20000e-04,8.80e-01,1.80e-01, 
-6.00000e-04,8.80e-01,1.78e-01, 
-5.80000e-04,8.80e-01,1.74e-01, 
-5.60000e-04,8.80e-01,1.77e-01, 
-5.40000e-04,9.60e-01,1.72e-01, 
-5.20000e-04,9.60e-01,1.72e-01, 
-5.00000e-04,8.80e-01,1.69e-01, 
-4.80000e-04,9.60e-01,1.66e-01, 
-4.60000e-04,1.04e+00,1.70e-01, 
-4.40000e-04,1.04e+00,1.66e-01, 
-4.20000e-04,9.60e-01,1.70e-01, 
-4.00000e-04,1.04e+00,1.69e-01, 
-3.80000e-04,1.04e+00,1.65e-01, 
-3.60000e-04,1.04e+00,1.66e-01, 
-3.40000e-04,1.04e+00,1.71e-01, 
-3.20000e-04,1.04e+00,1.70e-01, 
-3.00000e-04,1.12e+00,1.74e-01, 
-2.80000e-04,1.12e+00,1.72e-01, 
-2.60000e-04,1.12e+00,1.76e-01, 
-2.40000e-04,1.12e+00,1.78e-01, 
-2.20000e-04,1.20e+00,1.74e-01, 
-2.00000e-04,1.20e+00,1.80e-01, 
-1.80000e-04,1.12e+00,1.76e-01, 
-1.60000e-04,1.20e+00,1.80e-01, 
-1.40000e-04,1.28e+00,1.76e-01, 
-1.20000e-04,1.20e+00,1.79e-01, 
-9.99999e-05,1.28e+00,1.76e-01, 
-8.00000e-05,1.28e+00,1.77e-01, 
-5.99999e-05,1.36e+00,1.73e-01, 
-4.00000e-05,1.36e+00,1.74e-01, 
-1.99999e-05,1.28e+00,1.69e-01, 
5.82077e-11,1.36e+00,1.71e-01, 
2.00000e-05,1.36e+00,1.65e-01, 
4.00001e-05,1.36e+00,1.69e-01, 
6.00000e-05,1.36e+00,1.66e-01, 
8.00001e-05,1.36e+00,1.68e-01, 
1.00000e-04,1.44e+00,1.65e-01, 
1.20000e-04,1.36e+00,1.66e-01, 
1.40000e-04,1.52e+00,1.71e-01, 
1.60000e-04,1.44e+00,1.69e-01, 
1.80000e-04,1.44e+00,1.74e-01, 
2.00000e-04,1.36e+00,1.72e-01, 
2.20000e-04,1.52e+00,1.76e-01, 
2.40000e-04,1.52e+00,1.77e-01, 
2.60000e-04,1.44e+00,1.79e-01, 
2.80000e-04,1.52e+00,1.77e-01, 
3.00000e-04,1.60e+00,1.81e-01, 
3.20000e-04,1.60e+00,1.78e-01, 
3.40000e-04,1.52e+00,1.80e-01, 
3.60000e-04,1.60e+00,1.78e-01, 
3.80000e-04,1.60e+00,1.74e-01, 
4.00000e-04,1.60e+00,1.76e-01, 
4.20000e-04,1.60e+00,1.70e-01, 
4.40000e-04,1.60e+00,1.74e-01, 
4.60000e-04,1.68e+00,1.68e-01, 
4.80000e-04,1.68e+00,1.69e-01, 
5.00000e-04,1.60e+00,1.67e-01, 
5.20000e-04,1.68e+00,1.65e-01, 
5.40000e-04,1.76e+00,1.68e-01, 
5.60000e-04,1.68e+00,1.67e-01, 
5.80000e-04,1.76e+00,1.70e-01, 
6.00000e-04,1.76e+00,1.69e-01, 
6.20000e-04,1.84e+00,1.74e-01, 
6.40000e-04,1.76e+00,1.72e-01, 
6.60000e-04,1.84e+00,1.79e-01, 
6.80000e-04,1.84e+00,1.75e-01, 
7.00000e-04,1.84e+00,1.81e-01, 
7.20000e-04,1.84e+00,1.81e-01, 
7.40000e-04,1.92e+00,1.77e-01, 
7.60000e-04,1.92e+00,1.81e-01, 
7.80000e-04,1.92e+00,1.77e-01, 
8.00000e-04,1.92e+00,1.77e-01, 
8.20000e-04,1.92e+00,1.73e-01, 
8.40000e-04,1.92e+00,1.75e-01, 
8.60000e-04,2.00e+00,1.69e-01, 
8.80000e-04,1.92e+00,1.70e-01, 
9.00000e-04,2.00e+00,1.66e-01, 
9.20000e-04,2.00e+00,1.66e-01, 
9.40000e-04,2.00e+00,1.69e-01, 
9.60000e-04,2.08e+00,1.66e-01, 
9.80000e-04,2.00e+00,1.70e-01, 
1.00000e-03,2.08e+00,1.69e-01, 
1.02000e-03,2.00e+00,1.73e-01, 
1.04000e-03,2.00e+00,1.71e-01, 
1.06000e-03,2.16e+00,1.78e-01, 
1.08000e-03,2.08e+00,1.76e-01, 
1.10000e-03,2.16e+00,1.81e-01, 
1.12000e-03,2.16e+00,1.77e-01, 
1.14000e-03,2.16e+00,1.81e-01, 
1.16000e-03,2.16e+00,1.80e-01, 
1.18000e-03,2.16e+00,1.77e-01, 
1.20000e-03,2.16e+00,1.77e-01, 
1.22000e-03,2.24e+00,1.73e-01, 
1.24000e-03,2.24e+00,1.73e-01, 
1.26000e-03,2.32e+00,1.70e-01, 
1.28000e-03,2.24e+00,1.71e-01, 
1.30000e-03,2.32e+00,1.67e-01, 
1.32000e-03,2.32e+00,1.66e-01, 
1.34000e-03,2.32e+00,1.70e-01, 
1.36000e-03,2.32e+00,1.70e-01, 
1.38000e-03,2.40e+00,1.65e-01, 
1.40000e-03,2.40e+00,1.67e-01, 
1.42000e-03,2.40e+00,1.73e-01, 
1.44000e-03,2.40e+00,1.71e-01, 
1.46000e-03,2.48e+00,1.77e-01, 
1.48000e-03,2.40e+00,1.76e-01, 
1.50000e-03,2.48e+00,1.79e-01, 
1.52000e-03,2.48e+00,1.80e-01, 
1.54000e-03,2.48e+00,1.77e-01, 
1.56000e-03,2.48e+00,1.79e-01, 
1.58000e-03,2.56e+00,1.77e-01, 
1.60000e-03,2.48e+00,1.78e-01, 
1.62000e-03,2.56e+00,1.72e-01, 
1.64000e-03,2.56e+00,1.74e-01, 
1.66000e-03,2.48e+00,1.69e-01, 
1.68000e-03,2.56e+00,1.69e-01, 
1.70000e-03,2.72e+00,1.66e-01, 
1.72000e-03,2.64e+00,1.66e-01, 
1.74000e-03,2.64e+00,1.68e-01, 
1.76000e-03,2.64e+00,1.66e-01, 
1.78000e-03,2.72e+00,1.69e-01, 
1.80000e-03,2.72e+00,1.68e-01, 
1.82000e-03,2.64e+00,1.73e-01, 
1.84000e-03,2.72e+00,1.73e-01, 
1.86000e-03,2.80e+00,1.78e-01, 
1.88000e-03,2.72e+00,1.77e-01, 
1.90000e-03,2.80e+00,1.80e-01, 
1.92000e-03,2.80e+00,1.81e-01, 
1.94000e-03,2.80e+00,1.78e-01, 
1.96000e-03,2.80e+00,1.81e-01, 
1.98000e-03,2.80e+00,1.76e-01, 
2.00000e-03,2.80e+00,1.77e-01, 
2.02000e-03,2.88e+00,1.74e-01, 
2.04000e-03,2.88e+00,1.73e-01, 
2.06000e-03,2.88e+00,1.68e-01, 
2.08000e-03,2.88e+00,1.70e-01, 
2.10000e-03,2.96e+00,1.67e-01, 
2.12000e-03,2.96e+00,1.65e-01, 
2.14000e-03,2.96e+00,1.68e-01, 
2.16000e-03,2.96e+00,1.66e-01, 
2.18000e-03,3.04e+00,1.70e-01, 
2.20000e-03,3.04e+00,1.70e-01, 
2.22000e-03,3.04e+00,1.73e-01, 
2.24000e-03,3.04e+00,1.72e-01, 
2.26000e-03,3.04e+00,1.77e-01, 
2.28000e-03,3.04e+00,1.75e-01, 
2.30000e-03,3.04e+00,1.79e-01, 
2.32000e-03,3.04e+00,1.81e-01, 
2.34000e-03,3.12e+00,1.78e-01, 
2.36000e-03,3.04e+00,1.81e-01, 
2.38000e-03,3.12e+00,1.76e-01, 
2.40000e-03,3.12e+00,1.78e-01, 
2.42000e-03,3.12e+00,1.72e-01, 
2.44000e-03,3.12e+00,1.75e-01, 
2.46000e-03,3.20e+00,1.70e-01, 
2.48000e-03,3.12e+00,1.71e-01, 
2.50000e-03,3.28e+00,1.67e-01, 
2.52000e-03,3.20e+00,1.70e-01, 
2.54000e-03,3.28e+00,1.67e-01, 
2.56000e-03,3.28e+00,1.67e-01, 
2.58000e-03,3.28e+00,1.70e-01, 
2.60000e-03,3.28e+00,1.69e-01, 
2.62000e-03,3.36e+00,1.72e-01, 
2.64000e-03,3.36e+00,1.71e-01, 
2.66000e-03,3.36e+00,1.75e-01, 
2.68000e-03,3.36e+00,1.76e-01, 
2.70000e-03,3.36e+00,1.80e-01, 
2.72000e-03,3.36e+00,1.79e-01, 
2.74000e-03,3.36e+00,1.82e-01, 
2.76000e-03,3.36e+00,1.81e-01, 
2.78000e-03,3.44e+00,1.77e-01, 
2.80000e-03,3.44e+00,1.79e-01, 
2.82000e-03,3.44e+00,1.75e-01, 
2.84000e-03,3.44e+00,1.75e-01, 
2.86000e-03,3.52e+00,1.71e-01, 
2.88000e-03,3.44e+00,1.73e-01, 
2.90000e-03,3.52e+00,1.68e-01, 
2.92000e-03,3.52e+00,1.66e-01, 
2.94000e-03,3.60e+00,1.70e-01, 
2.96000e-03,3.60e+00,1.69e-01, 
2.98000e-03,3.52e+00,1.66e-01, 
3.00000e-03,3.60e+00,1.66e-01, 
3.02000e-03,3.60e+00,1.71e-01, 
3.04000e-03,3.60e+00,1.69e-01, 
3.06000e-03,3.68e+00,1.74e-01, 
3.08000e-03,3.60e+00,1.72e-01, 
3.10000e-03,3.60e+00,1.77e-01, 
3.12000e-03,3.68e+00,1.75e-01, 
3.14000e-03,3.60e+00,1.79e-01, 
3.16000e-03,3.68e+00,1.78e-01, 
3.18000e-03,3.68e+00,1.82e-01, 
3.20000e-03,3.68e+00,1.82e-01, 
3.22000e-03,3.76e+00,1.79e-01, 
3.24000e-03,3.76e+00,1.80e-01, 
3.26000e-03,3.76e+00,1.76e-01, 
3.28000e-03,3.76e+00,1.77e-01, 
3.30000e-03,3.84e+00,1.73e-01, 
3.32000e-03,3.84e+00,1.73e-01, 
3.34000e-03,3.92e+00,1.70e-01, 
3.36000e-03,3.92e+00,1.72e-01, 
3.38000e-03,3.84e+00,1.68e-01, 
3.40000e-03,3.92e+00,1.66e-01, 
3.42000e-03,3.92e+00,1.70e-01, 
3.44000e-03,3.92e+00,1.70e-01, 
3.46000e-03,3.92e+00,1.67e-01, 
3.48000e-03,3.92e+00,1.66e-01, 
3.50000e-03,4.00e+00,1.73e-01, 
3.52000e-03,3.92e+00,1.69e-01, 
3.54000e-03,4.00e+00,1.73e-01, 
3.56000e-03,4.00e+00,1.73e-01, 
3.58000e-03,4.08e+00,1.76e-01, 
3.60000e-03,4.00e+00,1.75e-01, 
3.62000e-03,4.08e+00,1.80e-01, 
3.64000e-03,4.08e+00,1.78e-01, 
3.66000e-03,4.16e+00,1.81e-01, 
3.68000e-03,4.16e+00,1.82e-01, 
3.70000e-03,4.08e+00,1.77e-01, 
3.72000e-03,4.16e+00,1.81e-01, 
3.74000e-03,4.16e+00,1.77e-01, 
3.76000e-03,4.16e+00,1.80e-01, 
3.78000e-03,4.16e+00,1.75e-01, 
3.80000e-03,4.16e+00,1.76e-01, 
3.82000e-03,4.16e+00,1.71e-01, 
3.84000e-03,4.16e+00,1.74e-01, 
3.86000e-03,4.24e+00,1.68e-01, 
3.88000e-03,4.16e+00,1.70e-01, 
3.90000e-03,4.24e+00,1.66e-01, 
3.92000e-03,4.24e+00,1.69e-01, 
3.94000e-03,4.32e+00,1.66e-01, 
3.96000e-03,4.32e+00,1.69e-01, 
3.98000e-03,4.32e+00,1.67e-01, 
4.00000e-03,4.32e+00,1.68e-01, 
4.02000e-03,4.40e+00,1.71e-01, 
4.04000e-03,4.40e+00,1.70e-01, 
4.06000e-03,4.32e+00,1.73e-01, 
4.08000e-03,4.40e+00,1.73e-01, 
4.10000e-03,4.48e+00,1.76e-01, 
4.12000e-03,4.48e+00,1.76e-01, 
4.14000e-03,4.40e+00,1.78e-01, 
4.16000e-03,4.48e+00,1.78e-01, 
4.18000e-03,4.48e+00,1.80e-01, 
4.20000e-03,4.48e+00,1.82e-01, 
4.22000e-03,4.48e+00,1.79e-01, 
4.24000e-03,4.48e+00,1.78e-01, 
4.26000e-03,4.48e+00,1.81e-01, 
4.28000e-03,4.48e+00,1.80e-01, 
4.30000e-03,4.56e+00,1.75e-01, 
4.32000e-03,4.48e+00,1.79e-01, 
4.34000e-03,4.64e+00,1.75e-01, 
4.36000e-03,4.64e+00,1.75e-01, 
4.38000e-03,4.56e+00,1.72e-01, 
4.40000e-03,4.64e+00,1.72e-01, 
4.42000e-03,4.64e+00,1.68e-01, 
4.44000e-03,4.64e+00,1.70e-01, 
4.46000e-03,4.72e+00,1.67e-01, 
4.48000e-03,4.64e+00,1.65e-01, 
4.50000e-03,4.72e+00,1.69e-01, 
4.52000e-03,4.72e+00,1.66e-01, 
4.54000e-03,4.80e+00,1.69e-01, 
4.56000e-03,4.80e+00,1.67e-01, 
4.58000e-03,4.80e+00,1.71e-01, 
4.60000e-03,4.80e+00,1.68e-01, 
4.62000e-03,4.80e+00,1.73e-01, 
4.64000e-03,4.80e+00,1.71e-01, 
4.66000e-03,4.80e+00,1.75e-01, 
4.68000e-03,4.80e+00,1.74e-01, 
4.70000e-03,4.88e+00,1.78e-01, 
4.72000e-03,4.88e+00,1.77e-01, 
4.74000e-03,4.80e+00,1.80e-01, 
4.76000e-03,4.88e+00,1.78e-01, 
4.78000e-03,4.96e+00,1.82e-01, 
4.80000e-03,4.88e+00,1.79e-01, 
4.82000e-03,4.96e+00,1.82e-01, 
4.84000e-03,4.96e+00,1.80e-01, 
4.86000e-03,4.96e+00,1.78e-01, 
4.88000e-03,4.96e+00,1.81e-01, 
4.90000e-03,4.88e+00,1.75e-01, 
4.92000e-03,4.88e+00,1.78e-01, 
4.94000e-03,4.96e+00,1.73e-01, 
4.96000e-03,4.80e+00,1.76e-01, 
4.98000e-03,4.88e+00,1.71e-01, 
5.00000e-03,4.80e+00,1.73e-01, 
5.02000e-03,4.80e+00,1.68e-01, 
5.04000e-03,4.80e+00,1.71e-01, 
5.06000e-03,4.80e+00,1.67e-01, 
5.08000e-03,4.80e+00,1.69e-01, 
5.10000e-03,4.80e+00,1.65e-01, 
5.12000e-03,4.80e+00,1.69e-01, 
5.14000e-03,4.72e+00,1.66e-01, 
5.16000e-03,4.72e+00,1.70e-01, 
5.18000e-03,4.80e+00,1.67e-01, 
5.20000e-03,4.72e+00,1.68e-01, 
5.22000e-03,4.72e+00,1.72e-01, 
5.24000e-03,4.64e+00,1.71e-01, 
5.26000e-03,4.64e+00,1.76e-01, 
5.28000e-03,4.64e+00,1.74e-01, 
5.30000e-03,4.56e+00,1.77e-01, 
5.32000e-03,4.64e+00,1.79e-01, 
5.34000e-03,4.56e+00,1.75e-01, 
